Residential,Experienced,Share
D,D,0.08726711587626826
D,F,0.14998951601793686
D,N,0.7627433681057949
F,D,0.004486528633176331
F,F,0.6194147357923718
F,N,0.3760987355744519
N,D,0.017893319614296646
N,F,0.26762550141392183
N,N,0.7144811789717814
